Workbook

Sheet PLC Tracking
A1: PLC # | B1: PLC Name | C1: PLC Type | D1: Planned Start | E1: Planned End | F1: Alarm Summary Complete | G1: Cause & Effect Complete | H1: Both Documents Complete | I1: Actual Complete Date | J1: Status | K1: Notes
A2: 1 | B2: VRU PLC 1 | D2: 12/10/2025 | E2: 12/11/2025 | J2: =IF(H2="X","Complete",IF(OR(F2="X",G2="X"),"In Progress","Not Started"))
A3: 2 | B3: VRU PLC 2 | D3: 12/12/2025 | E3: 12/15/2025 | J3: =IF(H3="X","Complete",IF(OR(F3="X",G3="X"),"In Progress","Not Started"))
A4: 3 | B4: VRU PLC 3 | D4: 12/16/2025 | E4: 12/17/2025 | J4: =IF(H4="X","Complete",IF(OR(F4="X",G4="X"),"In Progress","Not Started"))
A5: 4 | B5: VRU PLC 4 | D5: 12/18/2025 | E5: 12/19/2025 | J5: =IF(H5="X","Complete",IF(OR(F5="X",G5="X"),"In Progress","Not Started"))
A6: 5 | B6: VRU PLC 5 | D6: 12/22/2025 | E6: 12/23/2025 | J6: =IF(H6="X","Complete",IF(OR(F6="X",G6="X"),"In Progress","Not Started"))
A7: 6 | B7: VCU PLC 1 | D7: 12/24/2025 | E7: 12/25/2025 | J7: =IF(H7="X","Complete",IF(OR(F7="X",G7="X"),"In Progress","Not Started"))
A8: 7 | B8: VCU PLC 2 | D8: 12/26/2025 | E8: 12/29/2025 | J8: =IF(H8="X","Complete",IF(OR(F8="X",G8="X"),"In Progress","Not Started"))
A9: 8 | B9: Master PLC3 | D9: 12/30/2025 | E9: 12/31/2025 | J9: =IF(H9="X","Complete",IF(OR(F9="X",G9="X"),"In Progress","Not Started"))
A10: 9 | B10: Master PLC4 | D10: 01/01/2026 | E10: 01/02/2026 | J10: =IF(H10="X","Complete",IF(OR(F10="X",G10="X"),"In Progress","Not Started"))
A11: 10 | B11: MVCU PLC | D11: 01/05/2026 | E11: 01/06/2026 | J11: =IF(H11="X","Complete",IF(OR(F11="X",G11="X"),"In Progress","Not Started"))
A12: 11 | B12: Dock Safety Unit PLC 1 | D12: 01/07/2026 | E12: 01/08/2026 | J12: =IF(H12="X","Complete",IF(OR(F12="X",G12="X"),"In Progress","Not Started"))
A13: 12 | B13: Dock Safety Unit PLC 2 | D13: 01/09/2026 | E13: 01/12/2026 | J13: =IF(H13="X","Complete",IF(OR(F13="X",G13="X"),"In Progress","Not Started"))
... A17: 16 | B17: Dock Safety Unit PLC 6 | D17: 01/21/2026 | E17: 01/22/2026 | J17: =IF(H17="X","Complete",IF(OR(F17="X",G17="X"),"In Progress","Not Started"))
A18: 17 | B18: Main Terminal PLC | C18: ControlLogix 1756-L72 | D18: 01/23/2026 | E18: 01/26/2026 | J18: =IF(H18="X","Complete",IF(OR(F18="X",G18="X"),"In Progress","Not Started"))
A19: 18 | B19: LACT PLC Panel w/ESD Panel | C19: MicroLogix 1100 | D19: 01/27/2026 | E19: 01/28/2026 | J19: =IF(H19="X","Complete",IF(OR(F19="X",G19="X"),"In Progress","Not Started"))
A20: 19 | B20: Tomahawk PLC Panel | C20: ControlLogix 1756-L72 | D20: 01/29/2026 | E20: 01/30/2026 | J20: =IF(H20="X","Complete",IF(OR(F20="X",G20="X"),"In Progress","Not Started"))
A21: 20 | B21: Dock 5 PLC Panel | C21: MicroLogix 1400 | D21: 02/02/2026 | E21: 02/03/2026 | J21: =IF(H21="X","Complete",IF(OR(F21="X",G21="X"),"In Progress","Not Started"))
A22: 21 | B22: 80/50/RC PLC Panel w/ESD Panel | C22: MicroLogix 1400 | D22: 02/04/2026 | E22: 02/05/2026 | J22: =IF(H22="X","Complete",IF(OR(F22="X",G22="X"),"In Progress","Not Started"))
A23: 22 | B23: Butane Area Phase 1 PLC Panel | C23: MicroLogix 1400 | D23: 02/06/2026 | E23: 02/09/2026 | J23: =IF(H23="X","Complete",IF(OR(F23="X",G23="X"),"In Progress","Not Started"))
A24: 23 | B24: Butane Area Phase 2 PLC Panel | C24: MicroLogix 1400 | D24: 02/10/2026 | E24: 02/11/2026 | J24: =IF(H24="X","Complete",IF(OR(F24="X",G24="X"),"In Progress","Not Started"))
A25: 24 | B25: Butane Area Fire Eye PLC Panel | C25: MicroLogix 1400 | D25: 02/12/2026 | E25: 02/13/2026 | J25: =IF(H25="X","Complete",IF(OR(F25="X",G25="X"),"In Progress","Not Started"))
A26: 25 | B26: Valero PLC Panel w/ESD & Fiber | C26: MicroLogix 1400 | D26: 02/16/2026 | E26: 02/17/2026 | J26: =IF(H26="X","Complete",IF(OR(F26="X",G26="X"),"In Progress","Not Started"))
A27: 26 | B27: Butane/Compressor PLC Panel w/ESD & Fiber | C27: MicroLogix 1400 | D27: 02/18/2026 | E27: 02/19/2026 | J27: =IF(H27="X","Complete",IF(OR(F27="X",G27="X"),"In Progress","Not Started"))
A28: 27 | B28: East Dock PLC & RIO-104 RIO Panels | C28: CompactLogix 1769-L30ER | D28: 02/20/2026 | E28: 02/23/2026 | J28: =IF(H28="X","Complete",IF(OR(F28="X",G28="X"),"In Progress","Not Started"))
A29: 28 | B29: Phase 1C MCC PLC Panel | C29: CompactLogix 1769-L30ER | D29: 02/24/2026 | E29: 02/25/2026 | J29: =IF(H29="X","Complete",IF(OR(F29="X",G29="X"),"In Progress","Not Started"))
... A35: 34 | B35: Fire System #2 PLC Panel | C35: MicroLogix 1100 | D35: 03/12/2026 | E35: 03/13/2026 | J35: =IF(H35="X","Complete",IF(OR(F35="X",G35="X"),"In Progress","Not Started"))

Sheet Burndown Data
A1: Date | B1: Day # | C1: Planned Remaining | D1: Actual Remaining
A2: 12/10/2025 | B2: 1 | C2: 33.5 | D2: =COUNTIF('PLC Tracking'!$H$2:$H$35,"<>X")
A3: 12/11/2025 | B3: 2 | C3: 33 | D3: =COUNTIF('PLC Tracking'!$H$2:$H$35,"<>X")
A4: 12/12/2025 | B4: 3 | C4: 32.5 | D4: =COUNTIF('PLC Tracking'!$H$2:$H$35,"<>X")
A5: 12/15/2025 | B5: 4 | C5: 32 | D5: =COUNTIF('PLC Tracking'!$H$2:$H$35,"<>X")
A6: 12/16/2025 | B6: 5 | C6: 31.5 | D6: =COUNTIF('PLC Tracking'!$H$2:$H$35,"<>X")
A7: 12/17/2025 | B7: 6 | C7: 31 | D7: =COUNTIF('PLC Tracking'!$H$2:$H$35,"<>X")
A8: 12/18/2025 | B8: 7 | C8: 30.5 | D8: =COUNTIF('PLC Tracking'!$H$2:$H$35,"<>X")
A9: 12/19/2025 | B9: 8 | C9: 30 | D9: =COUNTIF('PLC Tracking'!$H$2:$H$35,"<>X")
A10: 12/22/2025 | B10: 9 | C10: 29.5 | D10: =COUNTIF('PLC Tracking'!$H$2:$H$35,"<>X")
A11: 12/23/2025 | B11: 10 | C11: 29 | D11: =COUNTIF('PLC Tracking'!$H$2:$H$35,"<>X")
A12: 12/24/2025 | B12: 11 | C12: 28.5 | D12: =COUNTIF('PLC Tracking'!$H$2:$H$35,"<>X")
A13: 12/25/2025 | B13: 12 | C13: 28 | D13: =COUNTIF('PLC Tracking'!$H$2:$H$35,"<>X")
... A69: 03/13/2026 | B69: 68 | C69: 0 | D69: =COUNTIF('PLC Tracking'!$H$2:$H$35,"<>X")

Sheet Summary
A1: Project Summary
A3: Total PLCs | B3: 34
A4: Days per PLC | B4: 2
A5: Total Work Days | B5: 68
A7: Start Date | B7: 12/10/2025
A8: End Date | B8: 03/13/2026
A10: Progress Tracking
A11: PLCs Completed | B11: =COUNTIF('PLC Tracking'!$H$2:$H$35,"X")
A12: PLCs In Progress | B12: =COUNTIFS('PLC Tracking'!$H$2:$H$35,"<>X",'PLC Tracking'!$F$2:$F$35,"X")+COUNTIFS('PLC Tracking'!$H$2:$H$35,"<>X",'PLC Tracking'!$G$2:$G$35,"X")
A13: PLCs Not Started | B13: =COUNTIFS('PLC Tracking'!$F$2:$F$35,"<>X",'PLC Tracking'!$G$2:$G$35,"<>X")
A15: % Complete | B15: =ROUND((B11/34)*100,1)&"%"
